Model,Accuracy (%),Precision (%),Recall (%),F1 Score (%)
SVM (RBF),59.875,59.13219687636547,59.875,58.880446648343465
Gradient Boosting,60.25,58.79145617287874,60.25,58.68516585638473
Naive Bayes,61.45,59.19869101288584,61.45,58.44939456057555
Random Forest,61.824999999999996,57.75764813906139,61.824999999999996,57.3946181703348
Decision Tree,59.150000000000006,57.6050831737755,59.150000000000006,57.36211914000246
Ensemble,61.5,58.072218570695085,61.5,56.61561959113976
Logistic Regression,62.575,56.75371464294613,62.575,55.66183554976571
MLP Neural Net,61.625,52.84502900820949,61.625,54.756753558253465
AdaBoost,50.0,27.272727272727277,50.0,34.72222222222222
